id;resv_id;created;updated;deleted;venue_group_client_id;venue_group_id;venue_id;jhi_date;duration;check_numbers;shift_category;shift_persistent_id;max_guests;mfratio_male;mfratio_female;status;status_display;status_simple;access_persistent_id;arrived_guests;isvip;bookedby;client_reference_code;lastname;firstname;email;phone_number;address;address_2;city;postal_code;state;country;loyalty_id;loyalty_rank;loyalty_tier;notes;arrival_time;seated_time;left_time;client_requests;comps;comps_price_type;cost_option;policy;min_price;pre_payment;onsite_payment;total_payment;paid_by;served_by;rating;problems;auto_assignments;external_client_id;external_id;external_reference_code;external_user_id;modify_reservation_link;reference_code;reservation_sms_optin;reservation_type;send_reminder_email;sendreminder_sms;source_client_id;user_id;user_name
1;lop;achieve sophisticated;um around;urgently;across reform fish;victorious;hence oh;what effectuate fervently;3147;amazement meh alienate;beautifully outgoing mention;likely large punctually;6583;28363;17401;unless week;till ham considering;who heavily;even briskly;20529;true;oof predetermine;considering;violently lest blush;restroom utter neatly;Raleigh_Rogahn51@hotmail.com;supernatural psst;amongst youthfully;middleman;Marksberg;yawningly;yesterday;Indonesia;shadowy proximity;29231;boohoo valiantly;ordinary given yum;what;overemphasize;modify moist failing;like mouth;19400;sniveling;1752;truly gadzooks excitedly;25875;23460.71;2384.38;8951;oh civilise warmly;cashew trampoline milky;5815;even fortunately xerox;huzzah until however;ugh measurement usefully;jackfruit per;blah integral psst;downchange precede;yum um;variable;true;except excited instead;false;false;following vaguely;wiggly;pish
2;fooey;lazily studious;immortalize condominium jump;regularly unbearably;swordfight;bah;huzzah;yowza till provided;11241;outrageous;shy;suspenders reproachfully separately;1278;27920;12019;why despite smock;ugh;exposition why;pace wee;1089;true;heavily;although;with;whoa first;Aisha64@hotmail.com;till fine;now every;blah smoggy;Isacland;personality;where;Canada;telemeter corsage smock;18375;provided;hm;up bah;since;ack;tower barring yesterday;19369;hallucinate granular;8355;modulo blue eek;28645;27739.38;13769.22;23625;defiantly toward;until energetic;17486;azimuth whenever;sinful ack;more under potentially;arcade;grace acclaimed;all improbable tug;inasmuch till entangle;infest;true;limply woot;false;false;unexpectedly round indeed;pish if cloudburst;ack spry
3;intentional swathe than;aha brr;into splatter rig;access;sustenance times;dearly only;yuck;lest portly;7013;chapel praises;internal intellect depute;accrue;3359;21296;31557;graft because upon;aw;how unethically;hollow elementary weatherise;25270;true;mixture bellyache insistent;whoever;ick ew;elegantly by boohoo;Kyle_Haag@yahoo.com;mysteriously;whoever index haversack;trowel derrick;Catalina Foothills;ugh;influx storm absent;Belgium;enormously;3481;rekindle drat;but mmm yuck;lest giant;airman;ruin;barbecue;12408;apud geez;24896;impolite instead so;6263;20839.77;17099.01;10451;zowie wonderfully;loftily;17861;boohoo sever;above;bill upon;fraud machine pivot;trespass;fatten or;trip once;boo park and;true;annotate blah undo;false;false;apropos whenever happy-go-lucky;standard;haven
4;furthermore before;bronze agonizing;times;creolize slump;phew midden;phrasing;among whenever pastry;breeze popular;20112;tune-up times gram;incubate salute rough;ew;31181;19870;31567;inhere knottily;tricky nor;above;unto;30680;false;tobacco before;loot frightening;destroyer and quarrelsomely;psst misdial beneath;Kurtis_Rutherford99@gmail.com;inbox;short;gummy;East Helgaville;duh;yawningly neatly;Tuvalu;and whereas;27747;suspiciously meh;rightfully grizzle unto;roof decimal;peaceful dreamily entertainment;correctly woot mmm;for distort disaffiliate;19586;jumbo notwithstanding like;14513;originality ah illiteracy;3699;23290.31;14624.07;22366;decimal alarm;ferociously;29557;eek although;concerning hypnotise bedeck;unwritten;ample nor;aha;coaster crow ugh;whoa ugh;gah iron;true;knowledgeably nuke excepting;true;true;meh;week qua repeatedly;snag oof
5;beneath;calve monopoly;reluctantly;consequently;yuck incidentally indeed;after inform yellow;redouble pungent;opposite;14226;accredit meringue;uh-huh;infill;16302;3191;23434;god;briskly sedately excerpt;counter-force;upward meanwhile ick;20877;true;leaf submissive;instance;autowind eyeball pish;whenever;Leora_Hills@yahoo.com;um;gobbler conjoin worth;once or till;Lake Brown;gadzooks stud;whose;Malaysia;dapper smoothly oblong;18852;even;phew;during;artistic;coordinated supposing bah;formal internal urgently;3151;oh;511;psst heart-throb moral;25305;15611.8;8316.27;2865;once;psst wearily;10010;ha;unless save;yowza subtract;although;incompatible;strictly minus;intentional;utterly;false;although why;true;false;madly;briskly;and cocoa
6;opulent;chino;beneath short default;except modulo sniveling;evenly boastfully fiercely;daintily yellowish once;project somber;whereas;4913;part poisoning merrily;amongst;barbecue peony speedily;31411;28584;31022;yippee;wonderfully;distress programming;with;821;true;focused;bookend once diplomacy;gently skirt;upward bold;Ashleigh.Johnson75@gmail.com;slip eek unto;burden consequently now;bitterly pal;Reecestead;brr even annually;ugh;Saint Martin;cosy animated;9750;rowdy cuisine given;calcify although secede;likewise icebreaker;hastily likewise without;ugh;ridicule frightfully;10069;ouch once;13433;hmph outside ski;403;8664.69;23296.2;13223;oof torso;pro worrisome pfft;21630;ah;eek after;kiddingly hmph;admired;mortally before;slobber;annihilate;atop savage;true;neighboring scull wrapper;false;false;fragment excluding vice;speedily snooze married;suddenly pricing
7;beyond even;taxi crooked;gah because reflecting;whoa parrot if;repulsive full;mmm circa packetize;agitated even save;before briefly absolute;16625;positively;yet vaguely throughout;even burgeon because;10947;16554;3883;congressperson whoever tensely;once yippee;woot;immure almost waggle;3068;false;begonia phew;boohoo brr behind;comport oh which;infantilize even until;Nels.Prohaska@hotmail.com;anxiously even;unacceptable perfumed deceivingly;till;Lednerfort;improve ha;because overshoot;Democratic Republic of the Congo;illiterate glamorise;19196;majestically petitioner;minimum yahoo mmm;regularly towards supposing;lest seldom bah;bob whenever;er nicely;7844;finally;10035;strictly immure forenenst;14616;17122.05;18416.4;4743;whirr foolhardy;well-off wool;28184;on tally alloy;nor;educated build pepper;sauce ambitious yowza;warmly whole;speakerphone anti;plantation;wiry obfuscate indeed;false;woot aha between;true;true;longingly;adept;wetly ventilate spirituality
8;amongst;keystone;aboard sans charger;wearily;ouch;dark shrug;tootle bud congregate;criminal justly sympathetically;4100;strictly smug;offbeat parole;driveway;17004;2874;19975;yahoo;bob freighter expansion;freak;on stamp than;11481;false;the;contend into disposer;rough yet;until likely edit;Fredy28@yahoo.com;once per;vice fuse frilly;severe silver;Fort Wayne;afterwards fussy nasalize;evenly oof;Ecuador;counterfeit;10236;hybridization whirlwind;phooey meh patiently;nor cube;cape;woefully ugh lively;thunderous;3973;that;20962;coolly personal nor;28221;4213.67;8844.01;13568;prison eek;modulo;3801;overconfidently curly;zowie uh-huh chilly;silently seize at;notwithstanding under;smooth behind;impressive perfectly oof;think;secularize hail aw;false;old;true;true;for equally;handful;incidentally
9;toward;greatly aw jealously;restroom;meh;ouch keenly physically;wherever although hearty;gosh industry;times;6207;transmute aw inasmuch;ouch sluice;punctual onto;17012;31840;26837;messenger woof boohoo;after bashfully choir;suspiciously tailor tranquilize;mortified broadly;3921;false;on however jovially;foot aching or;trickle geez;supervise;Leonora27@yahoo.com;bright opposite;svelte;rubbish spur;West Aimee;generously mundane into;per than geez;Dominican Republic;encroach;22497;naturalise eek ouch;obediently concerning;bandanna;woot stipulate yuck;pace plus emigrate;victim cylinder helpfully;25577;stunning spectacular;31937;suspiciously;3488;2006.73;20341.53;11653;gah among;pfft;27381;spurn yahoo;considering inventory till;dramatic quiver whenever;immediately inasmuch capital;ugh knavishly;sizzling rerun;sidetrack;traumatic;true;eek;true;true;sad even filing;shine failing;hefty refute
10;meh famously basic;gee;enquiry brr aggressive;vice;praises unless;er where;even;compare ah happily;5984;cheerful;onto biplane;versus;22015;20282;22477;uncomfortable kitsch yum;yuck;never;who pathway;5074;true;quarrelsomely boast unbearably;generously instead along;fixed;which;Harvey.Rohan27@yahoo.com;reliable that pace;knowledgeably supporter fizzle;original since;Minabury;crooked before minimalism;considering usually yowza;Gabon;frequent lark;13579;bashfully between boastfully;gadzooks oof;racing function towards;fantasize mealy failing;competition motion;defiantly during;31014;slide;10519;following for;18740;7980.76;26937.69;19836;with;nasal crumb;2356;muscatel;nibble overconfidently;around;lieu woodland but;so um;ah;phooey upside-down;outrageous concerning zowie;true;plate concerned;false;false;shoehorn communicate;slim;giant zowie
