id;pms_id;first_name;last_name;language;checkin;checkout;email
1;copyright er;Ernestina;Hermiston;round middleman;2024-06-23T23:55:11;2024-06-24T05:38:34;Darwin_Weber@hotmail.com
2;golden ha;Clementina;Dietrich;flawless wherever junior;2024-06-24T09:15:59;2024-06-24T06:58:14;Wilhelmine95@gmail.com
3;via tow-truck mention;Gerson;Aufderhar;tremendously;2024-06-24T10:22:44;2024-06-23T17:59:46;Icie.Blick92@gmail.com
4;zowie whenever motherly;Tina;Goyette;wherever following;2024-06-24T06:36:26;2024-06-24T01:55:08;Hyman8@yahoo.com
5;rumour supposing consequently;Serena;Sanford;surface;2024-06-24T11:27:24;2024-06-24T03:34:27;Zita77@gmail.com
6;studious ceramics mature;Eriberto;Abbott;margarine;2024-06-23T17:47:07;2024-06-24T09:31:15;Onie.Nader@gmail.com
7;super;Karianne;Yundt;dispute;2024-06-24T04:02:15;2024-06-23T13:39:19;Jorge37@hotmail.com
8;haunt vide;Dejuan;Lemke;righteously abaft selfishly;2024-06-24T07:01:47;2024-06-24T10:27:48;Eulalia_Weber@gmail.com
9;sweltering meanwhile;Abbie;Senger;geez hence vainly;2024-06-24T00:46:31;2024-06-23T19:51:16;Rae_Kautzer66@yahoo.com
10;righteously burly shatter;Giles;Blanda;interaction until;2024-06-24T13:35:01;2024-06-24T01:39:02;Orpha.Beer59@hotmail.com
